course_code,section,instructor,day,time,room
CHEM201,2,Ms. Maliha Zahan Chowdhury,Saturday,11:30-01:00,107
CHEM201,2,Ms. Maliha Zahan Chowdhury,Saturday,01:30-03:00,107
CHEM201,2,Ms. Maliha Zahan Chowdhury,Saturday,03:00-04:30,107
CHEM201,2,Ms. Maliha Zahan Chowdhury,Saturday,04:30-06:00,107
EEE213,4,Ms.Shahin Akter,Saturday,11:30-01:00,108
EEE213,5,Ms.Shahin Akter,Saturday,10:00-11:30,110
CSE111,8,TBA,Saturday,10:00-11:30,111
CSE313,7,TBA,Saturday,10:00-11:30,114
CSE315,7,Mr. Riad Hossain,Saturday,11:30-01:00,114
CSE223,3,Ms.Shahin Akter,Saturday,01:30-03:00,114
MATH203,3,TBA,Saturday,03:00-04:30,114
MATH203,3,TBA,Saturday,04:30-06:00,114
CHEM201,3,Ms. Maliha Zahan Chowdhury,Saturday,10:00-11:30,311
CSE211,3,Mr. Mohammed Morshed Rana,Saturday,11:30-01:00,311
CSE211,3,Mr. Mohammed Morshed Rana,Saturday,01:30-03:00,311
CSE211,3,Mr. Mohammed Morshed Rana,Saturday,03:00-04:30,311
CSE211,3,Mr. Mohammed Morshed Rana,Saturday,04:30-06:00,311
CSE315,6,Mr. Riad Hossain,Saturday,10:00-11:30,312
CSE313,6,TBA,Saturday,11:30-01:00,312
CSE313,5,TBA,Saturday,01:30-03:00,312
CSE315,5,Mr. Riad Hossain,Saturday,03:00-04:30,312
CSE315,5,Mr. Riad Hossain,Saturday,04:30-06:00,312
CSE317,3,TBA,Saturday,10:00-11:30,N202
CHEM201,4,Ms. Maliha Zahan Chowdhury,Saturday,01:30-03:00,N202
CSE211,4,Mr. Mohammed Morshed Rana,Saturday,03:00-04:30,N202
CSE211,4,Mr. Mohammed Morshed Rana,Saturday,04:30-06:00,N202
ENG111,3,TBA,Saturday,10:00-11:30,N203
MATH107,3,Mr. Md. Sajeed-Ur-Rahman,Saturday,11:30-01:00,N203
CSE459,4,Ms. Tanjum Motin Mitul,Saturday,03:00-04:30,N203
CSE459,4,Ms. Tanjum Motin Mitul,Saturday,04:30-06:00,N203
MATH107,4,Mr. Md. Sajeed-Ur-Rahman,Saturday,10:00-11:30,N204
ENG111,4,TBA,Saturday,11:30-01:00,N204
CSE459,5,Ms. Tanjum Motin Mitul,Saturday,01:30-03:00,N204
MATH203,1,TBA,Saturday,01:30-03:00,N601
CSE325,1,Mr. Md. Jibon Mia,Saturday,03:00-04:30,N601
CSE325,1,Mr. Md. Jibon Mia,Saturday,04:30-06:00,N601
CSE317,4,TBA,Saturday,11:30-01:00,N602
ENG111,2,TBA,Saturday,01:30-03:00,N602
MATH107,2,TBA,Saturday,03:00-04:30,N602
MATH107,2,TBA,Saturday,04:30-06:00,N602
CSE211,5,TBA,Saturday,11:30-01:00,N603
CSE211,2,Mr. Mohammed Morshed Rana,Saturday,01:30-03:00,N603
CSE211,2,Mr. Mohammed Morshed Rana,Saturday,03:00-04:30,N603
CSE211,2,Mr. Mohammed Morshed Rana,Saturday,04:30-06:00,N603
CSE328,1,Mr. Udoy Das,Saturday,9:30-11:30,102
ME102,1,TBA,Saturday,11:30-01:30,102
CSE112,8,TBA,Saturday,01:30-03:30,102
CSE112,8,TBA,Saturday,03:30-05:30,102
CSE112,8,TBA,Saturday,03:30-05:30,102
CSE112,8,TBA,Saturday,03:30-05:30,102
CSE326,1,Mr. Md. Jibon Mia,Saturday,11:30-01:30,115
CSE326,1,Mr. Md. Jibon Mia,Saturday,01:30-03:30,115
CSE326,1,Mr. Md. Jibon Mia,Saturday,03:30-05:30,115
CSE326,1,Mr. Md. Jibon Mia,Saturday,03:30-05:30,115
CSE326,1,Mr. Md. Jibon Mia,Saturday,03:30-05:30,115
ME102,2,TBA,Saturday,9:30-11:30,313
CSE328,2,Mr. Udoy Das,Saturday,11:30-01:30,313
CSE328,4,Mr. Udoy Das,Saturday,01:30-03:30,313
CSE322,4,TBA,Saturday,03:30-05:30,313
CSE322,4,TBA,Saturday,03:30-05:30,313
CSE322,4,TBA,Saturday,03:30-05:30,313
CSE328,3,Ms. Tanjum Motin Mitul,Saturday,11:30-01:30,N600
ME102,3,TBA,Saturday,01:30-03:30,N600
ME102,3,TBA,Saturday,03:30-05:30,N600
ME102,3,TBA,Saturday,03:30-05:30,N600
ME102,3,TBA,Saturday,03:30-05:30,N600
MATH301,2,TBA,Sunday,11:30-01:00,103
EEE311,1,Mr. S.M. Baque Billah,Sunday,01:30-03:00,103
EEE451,1,Mr. Md. Siratul Mustakim Ifty,Sunday,03:00-04:30,103
EEE453,1,TBA,Sunday,04:30-06:00,103
EEE219,2,TBA,Sunday,10:00-11:30,107
EEE213,1,TBA,Sunday,11:30-01:00,107
EEE219,1,TBA,Sunday,01:30-03:00,107
EEE101,1,Mr. Mohammad Toufiq Ahmed,Sunday,04:30-06:00,107
CSE311,7,TBA,Sunday,11:30-01:00,108
EEE111,3,Ms. Tania Khadem,Sunday,01:30-03:00,108
EEE203,1,Mr. S.M. Baque Billah,Sunday,03:00-04:30,108
MATH103,1,Mr. Mashky Chowdhury Surja,Sunday,04:30-06:00,108
MATH207,2,Mr. Md. Rakibul Islam,Sunday,10:00-11:30,110
EEE111,2,Ms. Tania Khadem,Sunday,11:30-01:00,110
CSE123,1,Mr. Joydwip Mohajon,Sunday,01:30-03:00,110
CSE439,1,Mr. Golam Moktader Daiyan,Sunday,03:00-04:30,110
CSE459,4,Ms. Tanjum Motin Mitul,Sunday,04:30-06:00,110
CHEM201,1,Ms. Maliha Zahan Chowdhury,Sunday,8:30-10:00,111
CSE211,1,Mr. Mohammed Morshed Rana,Sunday,10:00-11:30,111
CSE311,4,Ms. Saraf Anika,Sunday,11:30-01:00,111
MATH301,1,Mr. Mohammad Akbar Bin Shah,Sunday,01:30-03:00,111
CSE211,3,Mr. Mohammed Morshed Rana,Sunday,03:00-04:30,111
CSE439,2,Mr. Golam Moktader Daiyan,Sunday,04:30-06:00,111
EEE111,4,Ms. Tania Khadem,Sunday,10:00-11:30,114
CSE211,4,Mr. Mohammed Morshed Rana,Sunday,11:30-01:00,114
CSE311,8,TBA,Sunday,01:30-03:00,114
EEE213,7,TBA,Sunday,03:00-04:30,114
EEE213,7,TBA,Sunday,04:30-06:00,114
MATH107,1,Mr. Md. Sajeed-Ur-Rahman,Sunday,8:30-10:00,311
PHY101,1,Ms. Sharmin Akter,Sunday,10:00-11:30,311
CSE215,3,Mr. Ahamed- Al- Arifin,Sunday,11:30-01:00,311
MATH207,1,Mr. Mashky Chowdhury Surja,Sunday,01:30-03:00,311
EEE103,1,TBA,Sunday,03:00-04:30,311
EEE103,1,TBA,Sunday,04:30-06:00,311
CSE215,4,Mr. Ahamed- Al- Arifin,Sunday,10:00-11:30,312
CSE221,4,Mr. Tahsin Mahmud,Sunday,11:30-01:00,312
EEE213,6,TBA,Sunday,01:30-03:00,312
MATH101,1,Mr. Mashky Chowdhury Surja,Sunday,03:00-04:30,312
MATH101,1,Mr. Mashky Chowdhury Surja,Sunday,04:30-06:00,312
CSE111,5,Mr. Md. Jamil Uddin,Sunday,10:00-11:30,N201
CSE319,1,Ms. Arifa Sultana Zarna,Sunday,11:30-01:00,N202
CSE115,7,Ms. Anika Bushra,Sunday,01:30-03:00,N202
IPD400,0,TBA,Sunday,03:00-04:30,N202
IPD400,0,TBA,Sunday,04:30-06:00,N202
CSE111,4,Ms. Nahida Nigar,Sunday,10:00-11:30,N203
CSE459,1,Ms. Nahida Nigar,Sunday,11:30-01:00,N203
CSE459,2,Ms. Nahida Nigar,Sunday,03:00-04:30,N203
CSE319,2,Ms. Arifa Sultana Zarna,Sunday,10:00-11:30,N204
CSE115,6,Ms. Anika Bushra,Sunday,11:30-01:00,N204
CSE313,4,TBA,Sunday,01:30-03:00,N204
CSE459,5,Ms. Tanjum Motin Mitul,Sunday,03:00-04:30,N204
CSE459,5,Ms. Tanjum Motin Mitul,Sunday,04:30-06:00,N204
CSE313,6,TBA,Sunday,10:00-11:30,N601
CSE223,2,Mr. Md. Siratul Mustakim Ifty,Sunday,11:30-01:00,N601
MATH203,2,TBA,Sunday,01:30-03:00,N601
CSE313,5,TBA,Sunday,8:30-10:00,N602
CSE315,5,Mr. Riad Hossain,Sunday,10:00-11:30,N602
CSE115,2,TBA,Sunday,03:00-04:30,N602
HUM201,2,TBA,Sunday,04:30-06:00,N602
CSE225,3,Ms. Nishat Soultana Chy,Sunday,01:30-03:00,N603
HUM201,3,TBA,Sunday,03:00-04:30,N603
CSE115,3,TBA,Sunday,04:30-06:00,N603
AA150,1,TBA,Sunday,10:00-11:30,N604
PHY101,1,TBA,Sunday,11:30-01:00,N604
EEE111,5,Ms.Shahin Akter,Sunday,10:00-11:30,N605
CSE211,5,TBA,Sunday,11:30-01:00,N605
CSE211,5,TBA,Sunday,01:30-03:00,N605
CSE211,5,TBA,Sunday,03:00-04:30,N605
CSE211,5,TBA,Sunday,04:30-06:00,N605
CSE312,4,Ms. Saraf Anika,Sunday,9:30-11:30,102
CSE312,1,Mr. Md. Jahidul Hasan Jahid,Sunday,11:30-01:30,102
CSE124,4,Mr. Tahsin Mahmud,Sunday,01:30-03:30,102
CSE124,5,Mr. Tahsin Mahmud,Sunday,03:30-05:30,102
CSE124,5,Mr. Tahsin Mahmud,Sunday,03:30-05:30,102
CSE124,5,Mr. Tahsin Mahmud,Sunday,03:30-05:30,102
CSE316,1,Ms. Sayeda Suaiba Anwar,Sunday,9:30-11:30,104
CSE316,9,Ms. Sayeda Suaiba Anwar,Sunday,11:30-01:30,104
CSE316,7,Mr. Riad Hossain,Sunday,01:30-03:30,104
CSE316,2,Ms. Sayeda Suaiba Anwar,Sunday,03:30-05:30,104
CSE316,2,Ms. Sayeda Suaiba Anwar,Sunday,03:30-05:30,104
CSE316,2,Ms. Sayeda Suaiba Anwar,Sunday,03:30-05:30,104
CSE312,9,Mr. Sourav Adhikary,Sunday,9:30-11:30,115
EEE312,1,Mr. S.M. Baque Billah,Sunday,11:30-01:30,115
CSE312,2,Mr. Md. Jahidul Hasan Jahid,Sunday,01:30-03:30,115
CSE226,5,Ms. Nishat Soultana Chy,Sunday,03:30-05:30,115
CSE226,5,Ms. Nishat Soultana Chy,Sunday,03:30-05:30,115
CSE226,5,Ms. Nishat Soultana Chy,Sunday,03:30-05:30,115
CSE114,4,Mr. Md. Jamil Uddin,Sunday,01:30-03:30,313
CSE114,3,Mr. Tanvir Azhar,Sunday,03:30-05:30,313
CSE114,3,Mr. Tanvir Azhar,Sunday,03:30-05:30,313
CSE114,3,Mr. Tanvir Azhar,Sunday,03:30-05:30,313
ENG112,11,Ms. Parna Mutsuddy,Sunday,9:30-11:30,N304
ENG112,12,Ms. Parna Mutsuddy,Sunday,11:30-01:30,N304
ENG112,12,Ms. Parna Mutsuddy,Sunday,01:30-03:30,N304
CSE124,1,Mr. Joydwip Mohajon,Sunday,03:30-05:30,N304
CSE124,1,Mr. Joydwip Mohajon,Sunday,03:30-05:30,N304
CSE124,1,Mr. Joydwip Mohajon,Sunday,03:30-05:30,N304
CSE216,2,Mr. Sanath Kumar Das,Sunday,9:30-11:30,105
CSE216,1,TBA,Sunday,11:30-01:30,105
CSE216,5,TBA,Sunday,01:30-03:30,105
EEE218,1,Mr. Ahamed- Al- Arifin,Sunday,03:30-05:30,105
EEE218,1,Mr. Ahamed- Al- Arifin,Sunday,03:30-05:30,105
EEE218,1,Mr. Ahamed- Al- Arifin,Sunday,03:30-05:30,105
EEE214,5,Ms.Shahin Akter,Sunday,01:30-03:30,106
EEE214,4,Ms.Shahin Akter,Sunday,03:30-05:30,106
EEE214,4,Ms.Shahin Akter,Sunday,03:30-05:30,106
EEE214,4,Ms.Shahin Akter,Sunday,03:30-05:30,106
PHY102,6,Ms. Sharmin Akter,Sunday,11:30-01:30,109
PHY102,3,Ms. Sharmin Akter,Sunday,01:30-03:30,109
PHY102,4,Ms. Anika Bushra,Sunday,03:30-05:30,109
PHY102,4,Ms. Anika Bushra,Sunday,03:30-05:30,109
PHY102,4,Ms. Anika Bushra,Sunday,03:30-05:30,109
CSE226,4,Mr. Md. Jamil Uddin,Monday,9:00-11:00,102
CSE222,4,Mr. Tahsin Mahmud,Monday,11:00-01:00,102
ENG112,1,TBA,Monday,01:00-03:00,102
ENG112,13,Ms. Parna Mutsuddy,Monday,03:00-04:45,102
ENG112,13,Ms. Parna Mutsuddy,Monday,03:00-04:45,102
ENG112,13,Ms. Parna Mutsuddy,Monday,03:00-04:45,102
CSE316,6,Mr. Riad Hossain,Monday,01:00-03:00,104
CSE316,5,Mr. Riad Hossain,Monday,03:00-04:45,104
CSE316,5,Mr. Riad Hossain,Monday,03:00-04:45,104
CSE316,5,Mr. Riad Hossain,Monday,03:00-04:45,104
CSE312,10,Mr. Sourav Adhikary,Monday,9:00-11:00,115
CSE312,11,Mr. Sourav Adhikary,Monday,11:00-01:00,115
CSE312,5,Ms. Saraf Anika,Monday,01:00-03:00,115
CSE312,6,Ms. Saraf Anika,Monday,03:00-04:45,115
CSE312,6,Ms. Saraf Anika,Monday,03:00-04:45,115
CSE312,6,Ms. Saraf Anika,Monday,03:00-04:45,115
CSE222,6,Mr. Tahsin Mahmud,Monday,9:00-11:00,313
CSE226,6,Mr. Md. Jamil Uddin,Monday,11:00-01:00,313
CSE320,3,Ms. Arifa Sultana Zarna,Monday,01:00-03:00,313
CSE322,2,TBA,Monday,03:00-04:45,313
CSE322,2,TBA,Monday,03:00-04:45,313
CSE322,2,TBA,Monday,03:00-04:45,313
CSE320,6,Mr. Md. Jahidul Hasan Jahid,Monday,01:00-03:00,N304
CSE312,3,TBA,Monday,03:00-04:45,N304
CSE312,3,TBA,Monday,03:00-04:45,N304
CSE312,3,TBA,Monday,03:00-04:45,N304
EEE218,2,Mr. Ahamed- Al- Arifin,Monday,11:00-01:00,105
CSE216,3,Mr. Md. Siratul Mustakim Ifty,Monday,01:00-03:00,105
EEE102,1,Mr. S.M. Baque Billah,Monday,03:00-04:45,105
EEE102,1,Mr. S.M. Baque Billah,Monday,03:00-04:45,105
EEE102,1,Mr. S.M. Baque Billah,Monday,03:00-04:45,105
EEE214,2,Mr. Kazi Muhammad Asif Ashrafi,Monday,11:00-01:00,106
EEE214,2,Mr. Kazi Muhammad Asif Ashrafi,Monday,01:00-03:00,106
EEE214,2,Mr. Kazi Muhammad Asif Ashrafi,Monday,03:00-04:45,106
EEE214,2,Mr. Kazi Muhammad Asif Ashrafi,Monday,03:00-04:45,106
EEE214,2,Mr. Kazi Muhammad Asif Ashrafi,Monday,03:00-04:45,106
PHY102,1,TBA,Monday,01:00-03:00,109
PHY102,1,TBA,Monday,03:00-04:45,109
PHY102,1,TBA,Monday,03:00-04:45,109
PHY102,1,TBA,Monday,03:00-04:45,109
CSE221,3,Mr. Md. Sabbir Al Ahsan,Tuesday,10:00-11:30,103
EEE219,2,TBA,Tuesday,11:30-01:00,103
EEE217,1,Mr. Ahamed- Al- Arifin,Tuesday,01:30-03:00,103
EEE303,1,Mr. Sanath Kumar Das,Tuesday,03:00-04:30,103
EEE213,7,TBA,Tuesday,11:30-01:00,107
EEE451,1,Mr. Md. Siratul Mustakim Ifty,Tuesday,01:30-03:00,107
CHEM201,1,Ms. Maliha Zahan Chowdhury,Tuesday,04:30-06:00,107
CSE319,2,Ms. Arifa Sultana Zarna,Tuesday,10:00-11:30,108
MATH207,2,Mr. Md. Rakibul Islam,Tuesday,01:30-03:00,108
CSE113,4,Mr. Md. Jamil Uddin,Tuesday,03:00-04:30,108
MATH107,4,Mr. Md. Sajeed-Ur-Rahman,Tuesday,04:30-06:00,108
CSE315,2,Ms. Sayeda Suaiba Anwar,Tuesday,10:00-11:30,110
CSE315,3,Ms. Sayeda Suaiba Anwar,Tuesday,11:30-01:00,110
CSE311,3,TBA,Tuesday,01:30-03:00,110
PHY101,2,Ms. Sharmin Akter,Tuesday,03:00-04:30,110
MATH107,2,TBA,Tuesday,04:30-06:00,110
CSE315,8,Mr. Riad Hossain,Tuesday,8:30-10:00,111
CSE313,8,TBA,Tuesday,10:00-11:30,111
CSE223,1,Mr. Md. Siratul Mustakim Ifty,Tuesday,11:30-01:00,111
EEE213,3,TBA,Tuesday,01:30-03:00,111
CSE123,3,Mr. Joydwip Mohajon,Tuesday,03:00-04:30,111
CSE123,3,Mr. Joydwip Mohajon,Tuesday,04:30-06:00,111
CSE313,7,TBA,Tuesday,8:30-10:00,114
CSE315,7,Mr. Riad Hossain,Tuesday,10:00-11:30,114
CSE215,3,Mr. Ahamed- Al- Arifin,Tuesday,11:30-01:00,114
PHY101,3,Ms. Sharmin Akter,Tuesday,01:30-03:00,114
CSE113,3,Mr. Tanvir Azhar,Tuesday,03:00-04:30,114
CSE113,3,Mr. Tanvir Azhar,Tuesday,04:30-06:00,114
CSE311,5,Ms. Saraf Anika,Tuesday,11:30-01:00,311
CSE321,3,TBA,Tuesday,01:30-03:00,311
CSE411,3,Mr. Saklain Abdullah,Tuesday,03:00-04:30,311
CSE411,3,Mr. Saklain Abdullah,Tuesday,04:30-06:00,311
CSE215,4,Mr. Ahamed- Al- Arifin,Tuesday,10:00-11:30,312
CSE225,4,Mr. Md. Jamil Uddin,Tuesday,11:30-01:00,312
CSE411,2,Mr. Saklain Abdullah,Tuesday,01:30-03:00,312
CSE321,4,TBA,Tuesday,03:00-04:30,312
CSE411,4,Mr. Saklain Abdullah,Tuesday,04:30-06:00,312
EEE403,1,Mr. Md. Rakibul Islam,Tuesday,11:30-01:00,N201
CSE317,1,TBA,Tuesday,01:30-03:00,N201
CSE459,1,Ms. Nahida Nigar,Tuesday,10:00-11:30,N202
CSE325,3,Mr. Md. Jibon Mia,Tuesday,11:30-01:00,N202
CSE223,3,Ms.Shahin Akter,Tuesday,01:30-03:00,N202
CSE123,4,Mr. Tahsin Mahmud,Tuesday,03:00-04:30,N202
EEE213,4,Ms.Shahin Akter,Tuesday,04:30-06:00,N202
CSE111,7,TBA,Tuesday,8:30-10:00,N203
CSE321,2,TBA,Tuesday,11:30-01:00,N203
MATH203,1,TBA,Tuesday,01:30-03:00,N203
EEE213,5,Ms.Shahin Akter,Tuesday,03:00-04:30,N203
CSE123,5,Mr. Tahsin Mahmud,Tuesday,04:30-06:00,N203
MATH203,2,TBA,Tuesday,11:30-01:00,N204
CSE325,2,Mr. Md. Jibon Mia,Tuesday,01:30-03:00,N204
ENG111,1,TBA,Tuesday,03:00-04:30,N204
ENG111,1,TBA,Tuesday,04:30-06:00,N204
CSE115,2,TBA,Tuesday,8:30-10:00,N601
CSE123,2,Mr. Joydwip Mohajon,Tuesday,10:00-11:30,N601
CHEM201,2,Ms. Maliha Zahan Chowdhury,Tuesday,11:30-01:00,N601
CHEM201,0,TBA,Tuesday,01:30-03:00,N601
CSE111,1,Ms. Tanjum Motin Mitul,Tuesday,03:00-04:30,N601
CSE111,1,Ms. Tanjum Motin Mitul,Tuesday,04:30-06:00,N601
CSE111,6,TBA,Tuesday,10:00-11:30,N602
CSE115,1,TBA,Tuesday,11:30-01:00,N602
CSE311,1,Mr. Md. Jahidul Hasan Jahid,Tuesday,04:30-06:00,N602
CSE111,3,Ms. Arshiana Shamir,Tuesday,11:30-01:00,N603
CSE313,4,TBA,Tuesday,01:30-03:00,N603
MATH107,1,Mr. Md. Sajeed-Ur-Rahman,Tuesday,03:00-04:30,N603
ENG111,1,TBA,Tuesday,04:30-06:00,N603
AA200,1,TBA,Tuesday,8:30-10:00,N604
AA099,1,TBA,Tuesday,10:00-11:30,N604
EEE103,1,TBA,Tuesday,03:00-04:30,N604
EEE103,1,TBA,Tuesday,04:30-06:00,N604
MATH301,2,Mr. Mohammad Akbar Bin Shah,Tuesday,11:30-01:00,N605
MATH301,4,Mr. Mohammad Akbar Bin Shah,Tuesday,01:30-03:00,N605
CSE317,4,TBA,Tuesday,03:00-04:30,N605
CSE317,4,TBA,Tuesday,04:30-06:00,N605
ENG112,4,Ms. Parna Mutsuddy,Tuesday,9:30-11:30,102
CSE222,5,Mr. Tahsin Mahmud,Tuesday,11:30-01:30,102
CSE222,1,Mr. Md. Sabbir Al Ahsan,Tuesday,01:30-03:30,102
CSE226,1,Ms. Nishat Soultana Chy,Tuesday,03:30-05:30,102
CSE226,1,Ms. Nishat Soultana Chy,Tuesday,03:30-05:30,102
CSE226,1,Ms. Nishat Soultana Chy,Tuesday,03:30-05:30,102
CSE316,8,TBA,Tuesday,11:30-01:30,104
EEE312,2,Mr. S.M. Baque Billah,Tuesday,01:30-03:30,104
CSE316,3,Ms. Sayeda Suaiba Anwar,Tuesday,03:30-05:30,104
CSE316,3,Ms. Sayeda Suaiba Anwar,Tuesday,03:30-05:30,104
CSE316,3,Ms. Sayeda Suaiba Anwar,Tuesday,03:30-05:30,104
CSE212,6,TBA,Tuesday,9:30-11:30,115
CSE312,7,TBA,Tuesday,11:30-01:30,115
ENG112,15,Ms. Parna Mutsuddy,Tuesday,01:30-03:30,115
CSE124,6,Mr. Sourav Adhikary,Tuesday,03:30-05:30,115
CSE124,6,Mr. Sourav Adhikary,Tuesday,03:30-05:30,115
CSE124,6,Mr. Sourav Adhikary,Tuesday,03:30-05:30,115
CSE112,5,Ms. Tanjum Motin Mitul,Tuesday,9:30-11:30,313
CSE212,4,Mr. Sourav Adhikary,Tuesday,11:30-01:30,313
CSE112,3,Ms. Arshiana Shamir,Tuesday,01:30-03:30,313
CSE212,3,Mr. Mohammed Morshed Rana,Tuesday,03:30-05:30,313
CSE212,3,Mr. Mohammed Morshed Rana,Tuesday,03:30-05:30,313
CSE212,3,Mr. Mohammed Morshed Rana,Tuesday,03:30-05:30,313
CSE326,3,Mr. Md. Jibon Mia,Tuesday,9:30-11:30,N304
CSE124,2,Mr. Joydwip Mohajon,Tuesday,11:30-01:30,N304
CSE226,2,Ms. Nishat Soultana Chy,Tuesday,01:30-03:30,N304
CSE222,2,Mr. Md. Sabbir Al Ahsan,Tuesday,03:30-05:30,N304
CSE222,2,Mr. Md. Sabbir Al Ahsan,Tuesday,03:30-05:30,N304
CSE222,2,Mr. Md. Sabbir Al Ahsan,Tuesday,03:30-05:30,N304
EEE112,4,Ms. Tania Khadem,Tuesday,9:30-11:30,105
EEE112,6,Ms. Tania Khadem,Tuesday,11:30-01:30,105
EEE112,3,Ms. Tania Khadem,Tuesday,01:30-03:30,105
EEE404,1,TBA,Tuesday,03:30-05:30,105
EEE404,1,TBA,Tuesday,03:30-05:30,105
EEE404,1,TBA,Tuesday,03:30-05:30,105
CSE224,2,Mr. Md. Siratul Mustakim Ifty,Tuesday,9:30-11:30,106
EEE104,1,Mr. S.M. Baque Billah,Tuesday,11:30-01:30,106
EEE214,6,Mr. Kazi Muhammad Asif Ashrafi,Tuesday,01:30-03:30,106
EEE214,1,Mr. Kazi Muhammad Asif Ashrafi,Tuesday,03:30-05:30,106
EEE214,1,Mr. Kazi Muhammad Asif Ashrafi,Tuesday,03:30-05:30,106
EEE214,1,Mr. Kazi Muhammad Asif Ashrafi,Tuesday,03:30-05:30,106
CSE342,2,TBA,Tuesday,01:30-03:30,109
CSE342,1,TBA,Tuesday,03:30-05:30,109
CSE342,1,TBA,Tuesday,03:30-05:30,109
CSE342,1,TBA,Tuesday,03:30-05:30,109
CSE215,2,Mr. Sanath Kumar Das,Wednesday,10:00-11:30,103
EEE303,1,Mr. Sanath Kumar Das,Wednesday,11:30-01:00,103
CSE463,2,Ms. Arshiana Shamir,Wednesday,01:30-03:00,103
CSE439,2,Mr. Golam Moktader Daiyan,Wednesday,03:00-04:30,103
CSE439,2,Mr. Golam Moktader Daiyan,Wednesday,04:30-06:00,103
ENG111,4,TBA,Wednesday,8:30-10:00,107
PHY101,4,Mr. Md. Rakibul Islam,Wednesday,10:00-11:30,107
CSE321,4,TBA,Wednesday,11:30-01:00,107
EEE111,4,Ms. Tania Khadem,Wednesday,01:30-03:00,107
MATH207,4,Mr. Mashky Chowdhury Surja,Wednesday,03:00-04:30,107
MATH207,4,Mr. Mashky Chowdhury Surja,Wednesday,04:30-06:00,107
CSE123,6,Mr. Sourav Adhikary,Wednesday,10:00-11:30,108
EEE213,6,TBA,Wednesday,11:30-01:00,108
CSE313,2,TBA,Wednesday,01:30-03:00,108
CHEM201,0,TBA,Wednesday,03:00-04:30,108
MATH101,1,Mr. Mashky Chowdhury Surja,Wednesday,04:30-06:00,108
CSE327,4,Mr. Udoy Das,Wednesday,10:00-11:30,110
CSE311,2,Mr. Md. Jahidul Hasan Jahid,Wednesday,11:30-01:00,110
CSE313,3,TBA,Wednesday,03:00-04:30,110
CSE313,3,TBA,Wednesday,04:30-06:00,110
CSE111,7,TBA,Wednesday,10:00-11:30,111
CSE123,2,Mr. Joydwip Mohajon,Wednesday,11:30-01:00,111
EEE213,2,TBA,Wednesday,01:30-03:00,111
CSE463,1,Ms. Arshiana Shamir,Wednesday,03:00-04:30,111
CSE439,1,Mr. Golam Moktader Daiyan,Wednesday,04:30-06:00,111
CSE315,8,Mr. Riad Hossain,Wednesday,8:30-10:00,114
CSE313,8,TBA,Wednesday,10:00-11:30,114
CSE221,2,Mr. Md. Sabbir Al Ahsan,Wednesday,11:30-01:00,114
CSE311,7,TBA,Wednesday,01:30-03:00,114
CSE313,1,TBA,Wednesday,04:30-06:00,114
CSE319,3,Ms. Arifa Sultana Zarna,Wednesday,10:00-11:30,311
CSE319,4,Mr. Md. Jahidul Hasan Jahid,Wednesday,01:30-03:00,311
MATH207,3,Mr. Mohammad Akbar Bin Shah,Wednesday,03:00-04:30,311
CHEM201,3,Ms. Maliha Zahan Chowdhury,Wednesday,04:30-06:00,311
CSE221,4,Mr. Tahsin Mahmud,Wednesday,10:00-11:30,312
CSE225,4,Mr. Md. Jamil Uddin,Wednesday,11:30-01:00,312
CSE411,2,Mr. Saklain Abdullah,Wednesday,01:30-03:00,312
CSE327,3,Mr. Udoy Das,Wednesday,03:00-04:30,312
CSE411,3,Mr. Saklain Abdullah,Wednesday,04:30-06:00,312
CSE311,4,Ms. Saraf Anika,Wednesday,10:00-11:30,N202
MATH207,1,Mr. Mashky Chowdhury Surja,Wednesday,01:30-03:00,N202
CSE123,5,Mr. Tahsin Mahmud,Wednesday,03:00-04:30,N202
CSE115,5,Ms. Anika Bushra,Wednesday,04:30-06:00,N202
CSE459,2,Ms. Nahida Nigar,Wednesday,10:00-11:30,N203
CSE321,1,TBA,Wednesday,01:30-03:00,N203
CSE123,1,Mr. Joydwip Mohajon,Wednesday,03:00-04:30,N203
CSE315,6,Mr. Riad Hossain,Wednesday,10:00-11:30,N204
CSE311,6,Ms. Saraf Anika,Wednesday,11:30-01:00,N204
CSE111,2,Mr. Md. Jamil Uddin,Wednesday,01:30-03:00,N204
CSE221,1,Mr. Md. Sabbir Al Ahsan,Wednesday,03:00-04:30,N204
CSE225,1,Ms. Nishat Soultana Chy,Wednesday,04:30-06:00,N204
CSE317,1,TBA,Wednesday,8:30-10:00,N601
CSE411,1,Mr. Saklain Abdullah,Wednesday,11:30-01:00,N601
CSE221,3,Mr. Md. Sabbir Al Ahsan,Wednesday,01:30-03:00,N601
CSE225,3,Ms. Nishat Soultana Chy,Wednesday,03:00-04:30,N601
CSE225,3,Ms. Nishat Soultana Chy,Wednesday,04:30-06:00,N601
CSE317,2,TBA,Wednesday,10:00-11:30,N602
CSE327,2,Mr. Udoy Das,Wednesday,11:30-01:00,N602
CSE123,3,Mr. Joydwip Mohajon,Wednesday,01:30-03:00,N602
CSE115,3,TBA,Wednesday,03:00-04:30,N602
CSE115,3,TBA,Wednesday,04:30-06:00,N602
MATH107,3,Mr. Md. Sajeed-Ur-Rahman,Wednesday,8:30-10:00,N603
ENG111,3,TBA,Wednesday,10:00-11:30,N603
CSE123,4,Mr. Tahsin Mahmud,Wednesday,01:30-03:00,N603
CSE115,4,Ms. Anika Bushra,Wednesday,03:00-04:30,N603
CSE115,4,Ms. Anika Bushra,Wednesday,04:30-06:00,N603
CSE111,6,TBA,Wednesday,8:30-10:00,N604
MATH301,4,Mr. Mohammad Akbar Bin Shah,Wednesday,11:30-01:00,N604
EEE219,1,TBA,Wednesday,01:30-03:00,N604
EEE203,1,Mr. S.M. Baque Billah,Wednesday,03:00-04:30,N604
EEE203,1,Mr. S.M. Baque Billah,Wednesday,04:30-06:00,N604
AA200,1,TBA,Wednesday,10:00-11:30,N605
PHY101,1,TBA,Wednesday,11:30-01:00,N605
PHY101,1,TBA,Wednesday,01:30-03:00,N605
PHY101,1,TBA,Wednesday,03:00-04:30,N605
PHY101,1,TBA,Wednesday,04:30-06:00,N605
CSE320,2,Ms. Arifa Sultana Zarna,Wednesday,11:30-01:30,102
CSE114,2,Mr. Tanvir Azhar,Wednesday,01:30-03:30,102
CSE212,5,Mr. Sourav Adhikary,Wednesday,03:30-05:30,102
CSE212,5,Mr. Sourav Adhikary,Wednesday,03:30-05:30,102
CSE212,5,Mr. Sourav Adhikary,Wednesday,03:30-05:30,102
CSE312,8,TBA,Wednesday,11:30-01:30,104
CSE326,4,Mr. Md. Jibon Mia,Wednesday,01:30-03:30,104
CSE326,2,Mr. Md. Jibon Mia,Wednesday,03:30-05:30,104
CSE326,2,Mr. Md. Jibon Mia,Wednesday,03:30-05:30,104
CSE326,2,Mr. Md. Jibon Mia,Wednesday,03:30-05:30,104
ENG112,1,Ms. Parna Mutsuddy,Wednesday,9:30-11:30,115
ENG112,3,Ms. Parna Mutsuddy,Wednesday,11:30-01:30,115
CSE124,7,Mr. Sourav Adhikary,Wednesday,01:30-03:30,115
CSE320,4,Mr. Md. Jahidul Hasan Jahid,Wednesday,03:30-05:30,115
CSE320,4,Mr. Md. Jahidul Hasan Jahid,Wednesday,03:30-05:30,115
CSE320,4,Mr. Md. Jahidul Hasan Jahid,Wednesday,03:30-05:30,115
CSE322,1,TBA,Wednesday,9:30-11:30,313
CSE212,2,Mr. Mohammed Morshed Rana,Wednesday,11:30-01:30,313
ME102,4,TBA,Wednesday,01:30-03:30,313
CSE114,1,Mr. Tanvir Azhar,Wednesday,03:30-05:30,313
CSE114,1,Mr. Tanvir Azhar,Wednesday,03:30-05:30,313
CSE114,1,Mr. Tanvir Azhar,Wednesday,03:30-05:30,313
ENG112,2,Ms. Parna Mutsuddy,Wednesday,01:30-03:30,N304
CSE212,1,Mr. Mohammed Morshed Rana,Wednesday,03:30-05:30,N304
CSE212,1,Mr. Mohammed Morshed Rana,Wednesday,03:30-05:30,N304
CSE212,1,Mr. Mohammed Morshed Rana,Wednesday,03:30-05:30,N304
CSE112,2,Ms. Arshiana Shamir,Wednesday,9:30-11:30,N600
CSE112,6,Ms. Nahida Nigar,Wednesday,11:30-01:30,N600
CSE112,6,Ms. Nahida Nigar,Wednesday,01:30-03:30,N600
CSE112,6,Ms. Nahida Nigar,Wednesday,03:30-05:30,N600
CSE112,6,Ms. Nahida Nigar,Wednesday,03:30-05:30,N600
CSE112,6,Ms. Nahida Nigar,Wednesday,03:30-05:30,N600
EEE112,2,Ms. Tania Khadem,Wednesday,9:30-11:30,105
CSE224,1,Mr. Md. Siratul Mustakim Ifty,Wednesday,11:30-01:30,105
EEE112,1,Mr. Kazi Muhammad Asif Ashrafi,Wednesday,01:30-03:30,105
CSE224,4,Mr. Md. Siratul Mustakim Ifty,Wednesday,03:30-05:30,105
CSE224,4,Mr. Md. Siratul Mustakim Ifty,Wednesday,03:30-05:30,105
CSE224,4,Mr. Md. Siratul Mustakim Ifty,Wednesday,03:30-05:30,105
CSE224,3,Ms.Shahin Akter,Wednesday,9:30-11:30,106
EEE206,0,Mr. Kazi Muhammad Asif Ashrafi,Wednesday,11:30-01:30,106
EEE112,5,Ms.Shahin Akter,Wednesday,01:30-03:30,106
EEE214,7,Mr. Kazi Muhammad Asif Ashrafi,Wednesday,03:30-05:30,106
EEE214,7,Mr. Kazi Muhammad Asif Ashrafi,Wednesday,03:30-05:30,106
EEE214,7,Mr. Kazi Muhammad Asif Ashrafi,Wednesday,03:30-05:30,106
PHY102,5,Ms. Anika Bushra,Wednesday,11:30-01:30,109
PHY102,1,Ms. Sharmin Akter,Wednesday,01:30-03:30,109
PHY102,2,Ms. Sharmin Akter,Wednesday,03:30-05:30,109
PHY102,2,Ms. Sharmin Akter,Wednesday,03:30-05:30,109
PHY102,2,Ms. Sharmin Akter,Wednesday,03:30-05:30,109
MATH301,1,TBA,Thursday,11:30-01:00,103
EEE205,0,Mr. Kazi Muhammad Asif Ashrafi,Thursday,01:30-03:00,103
ENG111,1,TBA,Thursday,03:00-04:30,103
EEE101,1,Mr. Mohammad Toufiq Ahmed,Thursday,04:30-06:00,103
MATH301,2,TBA,Thursday,8:30-10:00,107
EEE303,2,Mr. Sanath Kumar Das,Thursday,10:00-11:30,107
CSE327,3,Mr. Udoy Das,Thursday,11:30-01:00,107
CSE321,3,TBA,Thursday,01:30-03:00,107
MATH207,1,Mr. Md. Rakibul Islam,Thursday,03:00-04:30,107
CSE311,2,Mr. Md. Jahidul Hasan Jahid,Thursday,8:30-10:00,108
CSE315,2,Ms. Sayeda Suaiba Anwar,Thursday,10:00-11:30,108
CSE311,6,Ms. Saraf Anika,Thursday,11:30-01:00,108
CSE411,1,Mr. Saklain Abdullah,Thursday,01:30-03:00,108
CSE327,1,Mr. Udoy Das,Thursday,03:00-04:30,108
CSE327,1,Mr. Udoy Das,Thursday,04:30-06:00,108
CSE311,5,Ms. Saraf Anika,Thursday,10:00-11:30,110
PHY101,3,Ms. Sharmin Akter,Thursday,11:30-01:00,110
CSE113,3,Mr. Tanvir Azhar,Thursday,01:30-03:00,110
CSE113,2,Mr. Tanvir Azhar,Thursday,03:00-04:30,110
ENG111,2,TBA,Thursday,04:30-06:00,110
CSE311,1,Mr. Md. Jahidul Hasan Jahid,Thursday,10:00-11:30,111
CSE315,1,Ms. Sayeda Suaiba Anwar,Thursday,11:30-01:00,111
CSE311,8,TBA,Thursday,01:30-03:00,111
CSE311,3,TBA,Thursday,11:30-01:00,114
CSE327,4,Mr. Udoy Das,Thursday,01:30-03:00,114
CSE411,4,Mr. Saklain Abdullah,Thursday,03:00-04:30,114
CSE411,4,Mr. Saklain Abdullah,Thursday,04:30-06:00,114
CSE215,1,Mr. Sanath Kumar Das,Thursday,01:30-03:00,311
CSE221,1,Mr. Md. Sabbir Al Ahsan,Thursday,03:00-04:30,311
CSE221,1,Mr. Md. Sabbir Al Ahsan,Thursday,04:30-06:00,311
MATH301,1,Mr. Mohammad Akbar Bin Shah,Thursday,8:30-10:00,312
CSE319,1,Ms. Arifa Sultana Zarna,Thursday,10:00-11:30,312
CSE215,2,Mr. Sanath Kumar Das,Thursday,11:30-01:00,312
CSE325,2,Mr. Md. Jibon Mia,Thursday,03:00-04:30,312
CSE223,2,Mr. Md. Siratul Mustakim Ifty,Thursday,04:30-06:00,312
CSE325,3,Mr. Md. Jibon Mia,Thursday,11:30-01:00,N201
MATH203,3,TBA,Thursday,01:30-03:00,N201
IPD400,0,TBA,Thursday,03:00-04:30,N201
EEE455,0,TBA,Thursday,04:30-06:00,N201
CSE115,4,Ms. Anika Bushra,Thursday,10:00-11:30,N202
CSE113,1,Mr. Tanvir Azhar,Thursday,11:30-01:00,N202
MATH301,3,Mr. Mohammad Akbar Bin Shah,Thursday,01:30-03:00,N202
CSE459,3,Ms. Nahida Nigar,Thursday,03:00-04:30,N202
CSE115,5,Ms. Anika Bushra,Thursday,8:30-10:00,N203
CSE225,2,Ms. Nishat Soultana Chy,Thursday,01:30-03:00,N203
CSE225,2,Ms. Nishat Soultana Chy,Thursday,03:00-04:30,N203
CSE225,2,Ms. Nishat Soultana Chy,Thursday,04:30-06:00,N203
CSE325,1,Mr. Md. Jibon Mia,Thursday,10:00-11:30,N204
CSE223,1,Mr. Md. Siratul Mustakim Ifty,Thursday,11:30-01:00,N204
ENG111,1,TBA,Thursday,01:30-03:00,N204
CSE113,4,Mr. Md. Jamil Uddin,Thursday,03:00-04:30,N204
CSE113,4,Mr. Md. Jamil Uddin,Thursday,04:30-06:00,N204
CSE317,2,TBA,Thursday,8:30-10:00,N601
MATH301,2,Mr. Mohammad Akbar Bin Shah,Thursday,10:00-11:30,N601
CSE317,3,TBA,Thursday,11:30-01:00,N601
CSE463,1,Ms. Arshiana Shamir,Thursday,01:30-03:00,N601
CSE123,7,Mr. Sourav Adhikary,Thursday,03:00-04:30,N602
CSE111,8,TBA,Thursday,11:30-01:00,N603
CSE111,4,Ms. Nahida Nigar,Thursday,01:30-03:00,N603
CSE123,6,Mr. Sourav Adhikary,Thursday,04:30-06:00,N603
CSE463,2,Ms. Arshiana Shamir,Thursday,11:30-01:00,N604
CSE111,5,Mr. Md. Jamil Uddin,Thursday,11:30-01:00,N605
PHY101,4,Mr. Md. Rakibul Islam,Thursday,01:30-03:00,N606
PHY101,4,Mr. Md. Rakibul Islam,Thursday,03:00-04:30,N606
PHY101,4,Mr. Md. Rakibul Islam,Thursday,04:30-06:00,N606
EEE204,1,Mr. S.M. Baque Billah,Thursday,03:30-05:30,101
EEE204,1,Mr. S.M. Baque Billah,Thursday,03:30-05:30,101
EEE204,1,Mr. S.M. Baque Billah,Thursday,03:30-05:30,101
CSE124,8,Mr. Joydwip Mohajon,Thursday,9:30-11:30,102
ENG112,16,Ms. Parna Mutsuddy,Thursday,11:30-01:30,102
EEE300,1,Mr. S.M. Baque Billah,Thursday,01:30-03:30,102
EEE306,1,TBA,Thursday,03:30-05:30,102
EEE306,1,TBA,Thursday,03:30-05:30,102
EEE306,1,TBA,Thursday,03:30-05:30,102
CSE320,1,Ms. Arifa Sultana Zarna,Thursday,11:30-01:30,104
EEE306,2,TBA,Thursday,01:30-03:30,104
EEE306,2,TBA,Thursday,03:30-05:30,104
EEE306,2,TBA,Thursday,03:30-05:30,104
EEE306,2,TBA,Thursday,03:30-05:30,104
ENG112,14,Ms. Parna Mutsuddy,Thursday,9:30-11:30,115
EEE300,2,Mr. S.M. Baque Billah,Thursday,11:30-01:30,115
EEE452,1,Mr. Md. Siratul Mustakim Ifty,Thursday,01:30-03:30,115
EEE452,1,Mr. Md. Siratul Mustakim Ifty,Thursday,03:30-05:30,115
EEE452,1,Mr. Md. Siratul Mustakim Ifty,Thursday,03:30-05:30,115
EEE452,1,Mr. Md. Siratul Mustakim Ifty,Thursday,03:30-05:30,115
CSE322,3,TBA,Thursday,9:30-11:30,313
CSE112,1,Ms. Arshiana Shamir,Thursday,11:30-01:30,313
CSE124,3,Mr. Joydwip Mohajon,Thursday,01:30-03:30,313
CSE112,7,TBA,Thursday,03:30-05:30,313
CSE112,7,TBA,Thursday,03:30-05:30,313
CSE112,7,TBA,Thursday,03:30-05:30,313
CSE112,4,Ms. Nahida Nigar,Thursday,9:30-11:30,N304
CSE320,5,Mr. Md. Jahidul Hasan Jahid,Thursday,11:30-01:30,N304
CSE222,3,Mr. Md. Sabbir Al Ahsan,Thursday,01:30-03:30,N304
CSE226,3,Ms. Nishat Soultana Chy,Thursday,03:30-05:30,N304
CSE226,3,Ms. Nishat Soultana Chy,Thursday,03:30-05:30,N304
CSE226,3,Ms. Nishat Soultana Chy,Thursday,03:30-05:30,N304
CSE216,4,TBA,Thursday,11:30-01:30,105
CSE216,6,TBA,Thursday,01:30-03:30,105
CSE216,6,TBA,Thursday,03:30-05:30,105
CSE216,6,TBA,Thursday,03:30-05:30,105
CSE216,6,TBA,Thursday,03:30-05:30,105
EEE214,8,Mr. Kazi Muhammad Asif Ashrafi,Thursday,11:30-01:30,106
EEE214,8,Mr. Kazi Muhammad Asif Ashrafi,Thursday,01:30-03:30,106
EEE214,3,Mr. Kazi Muhammad Asif Ashrafi,Thursday,03:30-05:30,106
EEE214,3,Mr. Kazi Muhammad Asif Ashrafi,Thursday,03:30-05:30,106
EEE214,3,Mr. Kazi Muhammad Asif Ashrafi,Thursday,03:30-05:30,106
MATH207,11,TBA,Saturday,11:30-01:00,103
MATH301,1,Mr. Udoy Das,Saturday,11:30-01:00,107
MATH301,3,Mr. Udoy Das,Saturday,10:00-11:30,108
CSE327,2,Ms. Maliha Zahan Chowdhury,Saturday,01:30-03:00,108
CSE327,1,Ms. Maliha Zahan Chowdhury,Saturday,11:30-01:00,110
MATH203,4,TBA,Saturday,01:30-03:00,110
MATH203,4,TBA,Saturday,03:00-04:30,110
MATH203,4,TBA,Saturday,04:30-06:00,110
CSE435,1,Ms. Tanjum Motin Mitul,Saturday,11:30-01:00,114
CSE435,2,Ms. Tanjum Motin Mitul,Saturday,01:30-03:00,114
CSE435,3,Ms. Tanjum Motin Mitul,Saturday,03:00-04:30,114
CSE435,3,Ms. Tanjum Motin Mitul,Saturday,04:30-06:00,114
MATH107,2,Mr. Md. Sajeed-Ur-Rahman,Saturday,03:00-04:30,311
MATH107,2,Mr. Md. Sajeed-Ur-Rahman,Saturday,04:30-06:00,311
CHEM201,1,TBA,Saturday,11:30-01:00,312
MATH107,1,Mr. Md. Sajeed-Ur-Rahman,Saturday,01:30-03:00,312
MATH207,1,TBA,Saturday,10:00-11:30,N 201
MATH207,2,TBA,Saturday,11:30-01:00,N 201
MATH207,3,TBA,Saturday,01:30-03:00,N 201
CHEM201,3,TBA,Saturday,03:00-04:30,N 201
CHEM201,3,TBA,Saturday,04:30-06:00,N 201
CSE111,1,Ms. Anika Bushra,Saturday,11:30-01:00,N 202
MATH207,12,TBA,Saturday,01:30-03:00,N 202
CHEM201,2,TBA,Saturday,01:30-03:00,N 203
CHEM201,2,TBA,Saturday,03:00-04:30,N 203
CHEM201,2,TBA,Saturday,04:30-06:00,N 203
CSE221,7,Ms. Tahmina Akter Sumi,Saturday,10:00-11:30,N 204
CSE225,7,Mr. Mohammed Morshed Rana,Saturday,11:30-01:00,N 204
CSE225,8,Mr. Mohammed Morshed Rana,Saturday,01:30-03:00,N 204
CSE225,8,Mr. Mohammed Morshed Rana,Saturday,03:00-04:30,N 204
CSE225,8,Mr. Mohammed Morshed Rana,Saturday,04:30-06:00,N 204
MATH301,2,Mr. Udoy Das,Saturday,01:30-03:00,N 601
CSE221,8,Ms. Tahmina Akter Sumi,Saturday,11:30-01:00,N 602
MATH203,5,TBA,Saturday,11:30-01:00,N 603
CSE325,5,Mr. Md. Jibon Mia,Saturday,01:30-03:00,N 603
CSE325,5,Mr. Md. Jibon Mia,Saturday,03:00-04:30,N 603
CSE325,5,Mr. Md. Jibon Mia,Saturday,04:30-06:00,N 603
CSE325,4,Mr. Md. Jibon Mia,Saturday,11:30-01:00,N 604
CSE212,7,Mr. Mohammad Akbar Bin Shah,Saturday,9:30-11:30,102
CSE212,6,Mr. Mohammad Akbar Bin Shah,Saturday,11:30-01:30,102
CSE320,3,Mr. Md. Jahidul Hasan Jahid,Saturday,01:30-03:30,102
CSE320,1,Mr. Md. Jahidul Hasan Jahid,Saturday,03:30-05:30,102
CSE320,1,Mr. Md. Jahidul Hasan Jahid,Saturday,03:30-05:30,102
CSE320,1,Mr. Md. Jahidul Hasan Jahid,Saturday,03:30-05:30,102
CSE212,10,Mr. Mohammad Akbar Bin Shah,Saturday,03:30-05:30,104
CSE212,10,Mr. Mohammad Akbar Bin Shah,Saturday,03:30-05:30,104
CSE212,10,Mr. Mohammad Akbar Bin Shah,Saturday,03:30-05:30,104
CSE224,1,Ms.Shahin Akter,Saturday,9:30-11:30,105
CSE224,2,Ms.Shahin Akter,Saturday,11:30-01:30,105
CSE224,3,Ms.Shahin Akter,Saturday,01:30-03:30,105
CSE224,3,Ms.Shahin Akter,Saturday,03:30-05:30,105
CSE224,3,Ms.Shahin Akter,Saturday,03:30-05:30,105
CSE224,3,Ms.Shahin Akter,Saturday,03:30-05:30,105
EEE112,6,TBA,Saturday,9:30-11:30,106
EEE112,7,TBA,Saturday,11:30-01:30,106
EEE112,10,TBA,Saturday,01:30-03:30,106
EEE112,10,TBA,Saturday,03:30-05:30,106
EEE112,10,TBA,Saturday,03:30-05:30,106
EEE112,10,TBA,Saturday,03:30-05:30,106
CSE326,4,Mr. Md. Jibon Mia,Saturday,9:30-11:30,115
ENG112,1,Ms. Parna Mutsuddy,Saturday,11:30-01:30,115
ENG112,2,Ms. Parna Mutsuddy,Saturday,01:30-03:30,115
ENG112,3,Ms. Parna Mutsuddy,Saturday,03:30-05:30,115
ENG112,3,Ms. Parna Mutsuddy,Saturday,03:30-05:30,115
ENG112,3,Ms. Parna Mutsuddy,Saturday,03:30-05:30,115
CSE328,1,Ms. Maliha Zahan Chowdhury,Saturday,9:30-11:30,313
CSE320,2,Mr. Md. Jahidul Hasan Jahid,Saturday,11:30-01:30,313
CSE112,2,Ms. Anika Bushra,Saturday,01:30-03:30,313
CSE112,1,Ms. Anika Bushra,Saturday,03:30-05:30,313
CSE112,1,Ms. Anika Bushra,Saturday,03:30-05:30,313
CSE112,1,Ms. Anika Bushra,Saturday,03:30-05:30,313
ME102,8,TBA,Saturday,9:30-11:30,Novus 304
ME102,8,TBA,Saturday,11:30-01:30,Novus 304
CSE222,7,Ms. Tahmina Akter Sumi,Saturday,01:30-03:30,Novus 304
CSE124,1,Mr. Mohammed Morshed Rana,Saturday,03:30-05:30,Novus 304
CSE124,1,Mr. Mohammed Morshed Rana,Saturday,03:30-05:30,Novus 304
CSE124,1,Mr. Mohammed Morshed Rana,Saturday,03:30-05:30,Novus 304
EEE207,2,Mr. S.M. Baque Billah,Sunday,03:00-04:30,103
EEE207,2,Mr. S.M. Baque Billah,Sunday,04:30-06:00,103
PHY101,4,TBA,Sunday,8:30-10:00,107
MATH107,4,Mr. Md. Sajeed-Ur-Rahman,Sunday,10:00-11:30,107
CSE411,2,Mr. Saklain Abdullah,Sunday,11:30-01:00,107
MATH301,2,Mr. Udoy Das,Sunday,01:30-03:00,107
CSE319,2,Mr. Md. Jahidul Hasan Jahid,Sunday,03:00-04:30,107
CSE319,2,Mr. Md. Jahidul Hasan Jahid,Sunday,04:30-06:00,107
CSE435,2,Ms. Tanjum Motin Mitul,Sunday,8:30-10:00,108
CSE439,2,Ms. Arifa Sultana Zarna,Sunday,10:00-11:30,108
CSE215,7,TBA,Sunday,11:30-01:00,108
CSE301,2,Mr. Md. Jamil Uddin,Sunday,01:30-03:00,108
MATH207,13,Mr. Md. Rakibul Islam,Sunday,03:00-04:30,108
CSE123,3,Mr. Joydwip Mohajon,Sunday,04:30-06:00,108
CSE123,2,Ms. Maliha Zahan Chowdhury,Sunday,10:00-11:30,110
MATH207,14,Mr. Md. Rakibul Islam,Sunday,04:30-06:00,110
CSE215,1,Mr. Ahamed- Al- Arifin,Sunday,10:00-11:30,111
CSE225,1,Ms. Nishat Soultana Chy,Sunday,11:30-01:00,111
CSE215,8,TBA,Sunday,01:30-03:00,111
CSE439,5,Mr. Golam Moktader Daiyan,Sunday,03:00-04:30,111
CSE221,6,Mr. Tahsin Mahmud,Sunday,11:30-01:00,114
CSE225,6,Mr. Sourav Adhikary,Sunday,01:30-03:00,114
CSE451,4,Ms. Arshiana Shamir,Sunday,03:00-04:30,114
CSE439,4,Mr. Golam Moktader Daiyan,Sunday,04:30-06:00,114
CSE435,3,Ms. Tanjum Motin Mitul,Sunday,10:00-11:30,311
CSE439,3,Ms. Arifa Sultana Zarna,Sunday,11:30-01:00,311
CSE327,1,Ms. Maliha Zahan Chowdhury,Sunday,01:30-03:00,311
CSE301,1,Mr. Md. Jamil Uddin,Sunday,03:00-04:30,311
HUM201,2,TBA,Sunday,04:30-06:00,311
CSE215,4,Mr. Sanath Kumar Das,Sunday,10:00-11:30,312
CSE225,4,Mr. Sourav Adhikary,Sunday,11:30-01:00,312
CSE223,2,Ms.Shahin Akter,Sunday,01:30-03:00,312
CSE113,5,Ms. Nahida Nigar,Sunday,03:00-04:30,312
MATH107,5,Mr. Mashky Chowdhury Surja,Sunday,04:30-06:00,312
CHEM201,2,TBA,Sunday,11:30-01:00,N 201
EEE111,2,Ms. Tania Khadem,Sunday,01:30-03:00,N 201
CSE111,2,Ms. Anika Bushra,Sunday,03:00-04:30,N 201
CHEM201,3,TBA,Sunday,8:30-10:00,N 202
MATH207,3,TBA,Sunday,10:00-11:30,N 202
CSE221,2,Mr. Md. Sabbir Al Ahsan,Sunday,11:30-01:00,N 202
CSE225,2,Ms. Nishat Soultana Chy,Sunday,01:30-03:00,N 202
CSE221,8,Ms. Tahmina Akter Sumi,Sunday,03:00-04:30,N 202
CSE221,8,Ms. Tahmina Akter Sumi,Sunday,04:30-06:00,N 202
CSE221,3,Mr. Md. Sabbir Al Ahsan,Sunday,10:00-11:30,N 203
CSE215,3,Mr. Ahamed- Al- Arifin,Sunday,11:30-01:00,N 203
EEE407,0,Mr. Md. Siratul Mustakim Ifty,Sunday,01:30-03:00,N 203
EEE111,7,TBA,Sunday,03:00-04:30,N 203
CSE211,7,Mr. Mohammad Akbar Bin Shah,Sunday,04:30-06:00,N 203
CSE225,7,Mr. Mohammed Morshed Rana,Sunday,01:30-03:00,N 204
CSE111,3,Ms. Anika Bushra,Sunday,04:30-06:00,N 204
MATH301,3,Mr. Udoy Das,Sunday,8:30-10:00,N 601
CSE319,3,Mr. Md. Jahidul Hasan Jahid,Sunday,10:00-11:30,N 601
CSE123,1,Mr. Mohammed Morshed Rana,Sunday,11:30-01:00,N 601
EEE309,0,Mr. Sanath Kumar Das,Sunday,01:30-03:00,N 601
EEE405,0,TBA,Sunday,03:00-04:30,N 601
EEE405,0,TBA,Sunday,04:30-06:00,N 601
MATH301,4,Mr. Udoy Das,Sunday,10:00-11:30,N 602
CSE319,4,Mr. Md. Jahidul Hasan Jahid,Sunday,11:30-01:00,N 602
EEE103,0,TBA,Sunday,01:30-03:00,N 602
MATH207,4,Mr. Mohammad Akbar Bin Shah,Sunday,03:00-04:30,N 602
CSE211,4,Mr. Saklain Abdullah,Sunday,04:30-06:00,N 602
CSE223,3,Ms.Shahin Akter,Sunday,10:00-11:30,N 603
CSE325,2,Mr. Md. Jibon Mia,Sunday,11:30-01:00,N 603
CSE221,5,Mr. Tahsin Mahmud,Sunday,01:30-03:00,N 603
CSE215,5,Mr. Sanath Kumar Das,Sunday,03:00-04:30,N 603
CSE215,5,Mr. Sanath Kumar Das,Sunday,04:30-06:00,N 603
CSE223,1,Ms.Shahin Akter,Sunday,8:30-10:00,N 604
CSE325,1,Ms. Sayeda Suaiba Anwar,Sunday,10:00-11:30,N 604
CSE325,3,Mr. Mohammad Akbar Bin Shah,Sunday,11:30-01:00,N 604
HUM201,1,TBA,Sunday,03:00-04:30,N 604
HUM201,1,TBA,Sunday,04:30-06:00,N 604
CSE312,2,Ms. Saraf Anika,Sunday,9:30-11:30,102
CSE312,4,Ms. Saraf Anika,Sunday,11:30-01:30,102
ENG112,4,Ms. Parna Mutsuddy,Sunday,01:30-03:30,102
CSE326,2,Mr. Md. Jibon Mia,Sunday,03:30-05:30,102
CSE326,2,Mr. Md. Jibon Mia,Sunday,03:30-05:30,102
CSE326,2,Mr. Md. Jibon Mia,Sunday,03:30-05:30,102
CSE316,2,Ms. Sayeda Suaiba Anwar,Sunday,11:30-01:30,104
CSE114,3,Mr. Tanvir Azhar,Sunday,01:30-03:30,104
CSE222,6,Mr. Tahsin Mahmud,Sunday,03:30-05:30,104
CSE222,6,Mr. Tahsin Mahmud,Sunday,03:30-05:30,104
CSE222,6,Mr. Tahsin Mahmud,Sunday,03:30-05:30,104
EEE112,2,Ms. Tania Khadem,Sunday,9:30-11:30,105
EEE112,3,Ms. Tania Khadem,Sunday,11:30-01:30,105
EEE112,3,Ms. Tania Khadem,Sunday,01:30-03:30,105
EEE112,3,Ms. Tania Khadem,Sunday,03:30-05:30,105
EEE112,3,Ms. Tania Khadem,Sunday,03:30-05:30,105
EEE112,3,Ms. Tania Khadem,Sunday,03:30-05:30,105
CSE224,5,Mr. Md. Siratul Mustakim Ifty,Sunday,9:30-11:30,106
CSE224,4,Mr. Md. Siratul Mustakim Ifty,Sunday,11:30-01:30,106
CSE216,1,Mr. Ahamed- Al- Arifin,Sunday,01:30-03:30,106
CSE216,1,Mr. Ahamed- Al- Arifin,Sunday,03:30-05:30,106
CSE216,1,Mr. Ahamed- Al- Arifin,Sunday,03:30-05:30,106
CSE216,1,Mr. Ahamed- Al- Arifin,Sunday,03:30-05:30,106
PHY102,6,Ms. Sharmin Akter,Sunday,11:30-01:30,109
PHY102,6,Ms. Sharmin Akter,Sunday,01:30-03:30,109
PHY102,3,Ms. Sharmin Akter,Sunday,03:30-05:30,109
PHY102,3,Ms. Sharmin Akter,Sunday,03:30-05:30,109
PHY102,3,Ms. Sharmin Akter,Sunday,03:30-05:30,109
PHY102,2,Ms. Sharmin Akter,Sunday,9:30-11:30,115
CSE114,2,Mr. Tanvir Azhar,Sunday,11:30-01:30,115
CSE326,3,Ms. Tahmina Akter Sumi,Sunday,01:30-03:30,115
CSE226,2,Ms. Nishat Soultana Chy,Sunday,03:30-05:30,115
CSE226,2,Ms. Nishat Soultana Chy,Sunday,03:30-05:30,115
CSE226,2,Ms. Nishat Soultana Chy,Sunday,03:30-05:30,115
CSE114,6,Mr. Sourav Adhikary,Sunday,9:30-11:30,313
ENG112,5,Ms. Parna Mutsuddy,Sunday,11:30-01:30,313
CSE212,4,Mr. Saklain Abdullah,Sunday,01:30-03:30,313
CSE328,2,Ms. Maliha Zahan Chowdhury,Sunday,03:30-05:30,313
CSE328,2,Ms. Maliha Zahan Chowdhury,Sunday,03:30-05:30,313
CSE328,2,Ms. Maliha Zahan Chowdhury,Sunday,03:30-05:30,313
CSE226,7,Mr. Mohammed Morshed Rana,Sunday,9:30-11:30,Novus 304
CSE104,0,Ms. Nahida Nigar,Sunday,11:30-01:30,Novus 304
CSE326,7,Mr. Md. Jibon Mia,Sunday,01:30-03:30,Novus 304
ENG112,7,Ms. Parna Mutsuddy,Sunday,03:30-05:30,Novus 304
ENG112,7,Ms. Parna Mutsuddy,Sunday,03:30-05:30,Novus 304
ENG112,7,Ms. Parna Mutsuddy,Sunday,03:30-05:30,Novus 304
CSE212,5,Mr. Saklain Abdullah,Monday,11:00-01:00,102
CSE212,2,Ms. Shadika Afroze Ome,Monday,01:00-03:00,102
CSE226,10,Mr. Sourav Adhikary,Monday,03:00-04:45,102
CSE226,10,Mr. Sourav Adhikary,Monday,03:00-04:45,102
CSE226,10,Mr. Sourav Adhikary,Monday,03:00-04:45,102
CSE316,3,Ms. Sayeda Suaiba Anwar,Monday,11:00-01:00,104
ENG112,6,Ms. Parna Mutsuddy,Monday,01:00-03:00,104
CSE326,6,Ms. Sayeda Suaiba Anwar,Monday,03:00-04:45,104
CSE326,6,Ms. Sayeda Suaiba Anwar,Monday,03:00-04:45,104
CSE326,6,Ms. Sayeda Suaiba Anwar,Monday,03:00-04:45,104
CSE216,9,TBA,Monday,01:00-03:00,105
CSE216,11,TBA,Monday,03:00-04:45,105
CSE216,11,TBA,Monday,03:00-04:45,105
CSE216,11,TBA,Monday,03:00-04:45,105
CSE224,2,Mr. Kazi Muhammad Asif Ashrafi,Monday,11:00-01:00,106
CSE224,5,Mr. Kazi Muhammad Asif Ashrafi,Monday,01:00-03:00,106
CSE224,4,Mr. Kazi Muhammad Asif Ashrafi,Monday,03:00-04:45,106
CSE224,4,Mr. Kazi Muhammad Asif Ashrafi,Monday,03:00-04:45,106
CSE224,4,Mr. Kazi Muhammad Asif Ashrafi,Monday,03:00-04:45,106
PHY102,1,Ms. Sharmin Akter,Monday,01:00-03:00,109
PHY102,1,Ms. Sharmin Akter,Monday,03:00-04:45,109
PHY102,1,Ms. Sharmin Akter,Monday,03:00-04:45,109
PHY102,1,Ms. Sharmin Akter,Monday,03:00-04:45,109
CSE124,5,Mr. Mohammed Morshed Rana,Monday,11:00-01:00,115
CSE124,2,Ms. Maliha Zahan Chowdhury,Monday,01:00-03:00,115
CSE222,9,Mr. Md. Sabbir Al Ahsan,Monday,03:00-04:45,115
CSE222,9,Mr. Md. Sabbir Al Ahsan,Monday,03:00-04:45,115
CSE222,9,Mr. Md. Sabbir Al Ahsan,Monday,03:00-04:45,115
CSE222,10,Mr. Tahsin Mahmud,Monday,01:00-03:00,313
CSE114,1,Mr. Tanvir Azhar,Monday,03:00-04:45,313
CSE114,1,Mr. Tanvir Azhar,Monday,03:00-04:45,313
CSE114,1,Mr. Tanvir Azhar,Monday,03:00-04:45,313
CSE114,4,Ms. Nahida Nigar,Monday,11:00-01:00,Novus 304
CSE226,11,Mr. Mohammed Morshed Rana,Monday,01:00-03:00,Novus 304
CSE226,11,Mr. Mohammed Morshed Rana,Monday,03:00-04:45,Novus 304
CSE226,11,Mr. Mohammed Morshed Rana,Monday,03:00-04:45,Novus 304
CSE226,11,Mr. Mohammed Morshed Rana,Monday,03:00-04:45,Novus 304
CSE215,6,Mr. Sanath Kumar Das,Tuesday,10:00-11:30,103
CSE225,6,Mr. Sourav Adhikary,Tuesday,11:30-01:00,103
CSE103,0,Ms. Nahida Nigar,Tuesday,01:30-03:00,103
MATH101,0,Mr. Mashky Chowdhury Surja,Tuesday,03:00-04:30,103
EEE101,0,Mr. Mohammad Toufiq Ahmed,Tuesday,04:30-06:00,103
MATH301,1,Mr. Udoy Das,Tuesday,10:00-11:30,107
CSE319,1,Mr. Md. Jahidul Hasan Jahid,Tuesday,11:30-01:00,107
MATH209,2,Mr. Riad Hossain,Tuesday,01:30-03:00,107
EEE301,2,Mr. Md. Rakibul Islam,Tuesday,03:00-04:30,107
EEE301,2,Mr. Md. Rakibul Islam,Tuesday,04:30-06:00,107
EEE301,1,Mr. Md. Rakibul Islam,Tuesday,01:30-03:00,108
CSE311,1,Ms. Saraf Anika,Tuesday,11:30-01:00,110
CSE313,1,TBA,Tuesday,01:30-03:00,110
CSE315,3,Ms. Sayeda Suaiba Anwar,Tuesday,03:00-04:30,110
MATH205,3,Mr. Riad Hossain,Tuesday,04:30-06:00,110
CSE221,5,Mr. Tahsin Mahmud,Tuesday,11:30-01:00,111
CSE221,4,Mr. Tahsin Mahmud,Tuesday,01:30-03:00,111
CHEM201,5,Ms. Maliha Zahan Chowdhury,Tuesday,03:00-04:30,111
MATH207,5,TBA,Tuesday,04:30-06:00,111
CSE111,3,Ms. Anika Bushra,Tuesday,10:00-11:30,114
CSE215,4,Mr. Sanath Kumar Das,Tuesday,11:30-01:00,114
CSE315,2,Ms. Sayeda Suaiba Anwar,Tuesday,01:30-03:00,114
CSE313,2,TBA,Tuesday,03:00-04:30,114
CSE313,2,TBA,Tuesday,04:30-06:00,114
CSE215,3,Mr. Ahamed- Al- Arifin,Tuesday,11:30-01:00,311
ENG111,4,Ms. Parna Mutsuddy,Tuesday,01:30-03:00,311
CSE113,4,Ms. Nahida Nigar,Tuesday,03:00-04:30,311
CSE113,4,Ms. Nahida Nigar,Tuesday,04:30-06:00,311
EEE111,6,TBA,Tuesday,10:00-11:30,312
CSE211,6,Mr. Mohammad Akbar Bin Shah,Tuesday,11:30-01:00,312
EEE409,0,TBA,Tuesday,01:30-03:00,312
CSE123,1,Mr. Mohammed Morshed Rana,Tuesday,04:30-06:00,312
MATH107,1,Mr. Md. Sajeed-Ur-Rahman,Tuesday,10:00-11:30,N 201
PHY101,1,Ms. Sharmin Akter,Tuesday,11:30-01:00,N 201
CSE439,2,Ms. Arifa Sultana Zarna,Tuesday,10:00-11:30,N 202
CSE463,2,Ms. Arshiana Shamir,Tuesday,11:30-01:00,N 202
CSE215,2,Mr. Ahamed- Al- Arifin,Tuesday,01:30-03:00,N 202
CSE123,4,Mr. Joydwip Mohajon,Tuesday,04:30-06:00,N 202
PHY101,5,TBA,Tuesday,8:30-10:00,N 203
CSE113,5,Ms. Nahida Nigar,Tuesday,10:00-11:30,N 203
CSE439,3,Ms. Arifa Sultana Zarna,Tuesday,11:30-01:00,N 203
CSE463,3,Ms. Arshiana Shamir,Tuesday,01:30-03:00,N 203
MATH207,4,Mr. Mohammad Akbar Bin Shah,Tuesday,03:00-04:30,N 203
CSE211,4,Mr. Saklain Abdullah,Tuesday,04:30-06:00,N 203
MATH107,2,Mr. Md. Sajeed-Ur-Rahman,Tuesday,8:30-10:00,N 204
PHY101,2,Ms. Sharmin Akter,Tuesday,10:00-11:30,N 204
MATH209,1,Mr. Riad Hossain,Tuesday,11:30-01:00,N 204
MATH207,0,Mr. Mashky Chowdhury Surja,Tuesday,01:30-03:00,N 204
CSE223,3,Mr. Kazi Muhammad Asif Ashrafi,Tuesday,03:00-04:30,N 204
CSE111,4,Ms. Anika Bushra,Tuesday,01:30-03:00,N 601
CSE411,2,Mr. Saklain Abdullah,Tuesday,03:00-04:30,N 601
CSE301,2,Mr. Md. Jamil Uddin,Tuesday,04:30-06:00,N 601
CSE221,1,Ms. Tahmina Akter Sumi,Tuesday,8:30-10:00,N 602
CSE225,1,Ms. Nishat Soultana Chy,Tuesday,10:00-11:30,N 602
ME101,0,TBA,Tuesday,11:30-01:00,N 602
MATH203,2,TBA,Tuesday,01:30-03:00,N 602
CSE325,2,Mr. Md. Jibon Mia,Tuesday,03:00-04:30,N 602
CSE325,2,Mr. Md. Jibon Mia,Tuesday,04:30-06:00,N 602
MATH203,1,TBA,Tuesday,8:30-10:00,N 603
CSE223,1,Ms.Shahin Akter,Tuesday,10:00-11:30,N 603
MATH107,3,Mr. Mashky Chowdhury Surja,Tuesday,11:30-01:00,N 603
CSE225,5,Mr. Sourav Adhikary,Tuesday,01:30-03:00,N 603
CSE317,3,TBA,Tuesday,03:00-04:30,N 603
CSE319,3,Mr. Md. Jahidul Hasan Jahid,Tuesday,04:30-06:00,N 603
CSE325,3,Mr. Mohammad Akbar Bin Shah,Tuesday,8:30-10:00,N 604
MATH203,3,TBA,Tuesday,10:00-11:30,N 604
CSE225,2,Ms. Nishat Soultana Chy,Tuesday,11:30-01:00,N 604
CSE225,3,Ms. Nishat Soultana Chy,Tuesday,01:30-03:00,N 604
CSE319,2,Mr. Md. Jahidul Hasan Jahid,Tuesday,03:00-04:30,N 604
CSE317,2,TBA,Tuesday,04:30-06:00,N 604
CSE326,1,Ms. Sayeda Suaiba Anwar,Tuesday,11:30-01:30,102
CSE124,4,Mr. Joydwip Mohajon,Tuesday,01:30-03:30,102
CSE226,5,Mr. Sourav Adhikary,Tuesday,03:30-05:30,102
CSE226,5,Mr. Sourav Adhikary,Tuesday,03:30-05:30,102
CSE226,5,Mr. Sourav Adhikary,Tuesday,03:30-05:30,102
CSE312,1,Ms. Saraf Anika,Tuesday,9:30-11:30,104
CSE212,8,Ms. Shadika Afroze Ome,Tuesday,11:30-01:30,104
CSE212,9,Mr. Saklain Abdullah,Tuesday,01:30-03:30,104
CSE212,9,Mr. Saklain Abdullah,Tuesday,03:30-05:30,104
CSE212,9,Mr. Saklain Abdullah,Tuesday,03:30-05:30,104
CSE212,9,Mr. Saklain Abdullah,Tuesday,03:30-05:30,104
CSE216,2,Mr. Ahamed- Al- Arifin,Tuesday,9:30-11:30,105
EEE302,3,Mr. Md. Rakibul Islam,Tuesday,11:30-01:30,105
CSE216,7,TBA,Tuesday,01:30-03:30,105
CSE216,4,Mr. Md. Siratul Mustakim Ifty,Tuesday,03:30-05:30,105
CSE216,4,Mr. Md. Siratul Mustakim Ifty,Tuesday,03:30-05:30,105
CSE216,4,Mr. Md. Siratul Mustakim Ifty,Tuesday,03:30-05:30,105
EEE112,8,Ms. Tania Khadem,Tuesday,9:30-11:30,106
CSE216,8,TBA,Tuesday,11:30-01:30,106
EEE112,5,Mr. Kazi Muhammad Asif Ashrafi,Tuesday,01:30-03:30,106
EEE112,5,Mr. Kazi Muhammad Asif Ashrafi,Tuesday,03:30-05:30,106
EEE112,5,Mr. Kazi Muhammad Asif Ashrafi,Tuesday,03:30-05:30,106
EEE112,5,Mr. Kazi Muhammad Asif Ashrafi,Tuesday,03:30-05:30,106
PHY102,4,Ms. Anika Bushra,Tuesday,11:30-01:30,109
PHY102,4,Ms. Anika Bushra,Tuesday,01:30-03:30,109
PHY102,4,Ms. Anika Bushra,Tuesday,03:30-05:30,109
PHY102,4,Ms. Anika Bushra,Tuesday,03:30-05:30,109
PHY102,4,Ms. Anika Bushra,Tuesday,03:30-05:30,109
CSE436,3,Ms. Tanjum Motin Mitul,Tuesday,9:30-11:30,115
CSE436,3,Ms. Tanjum Motin Mitul,Tuesday,11:30-01:30,115
CSE436,2,Ms. Tanjum Motin Mitul,Tuesday,01:30-03:30,115
ME102,7,Mr. Udoy Das,Tuesday,03:30-05:30,115
ME102,7,Mr. Udoy Das,Tuesday,03:30-05:30,115
ME102,7,Mr. Udoy Das,Tuesday,03:30-05:30,115
CSE112,4,Mr. Tahsin Mahmud,Tuesday,9:30-11:30,313
CSE112,3,Ms. Anika Bushra,Tuesday,11:30-01:30,313
ME102,6,TBA,Tuesday,01:30-03:30,313
ME102,6,TBA,Tuesday,03:30-05:30,313
ME102,6,TBA,Tuesday,03:30-05:30,313
ME102,6,TBA,Tuesday,03:30-05:30,313
ME102,11,TBA,Tuesday,9:30-11:30,Novus 304
CSE222,11,Ms. Tahmina Akter Sumi,Tuesday,11:30-01:30,Novus 304
CSE222,8,Ms. Tahmina Akter Sumi,Tuesday,01:30-03:30,Novus 304
ME102,3,Mr. Md. Sajeed-Ur-Rahman,Tuesday,03:30-05:30,Novus 304
ME102,3,Mr. Md. Sajeed-Ur-Rahman,Tuesday,03:30-05:30,Novus 304
ME102,3,Mr. Md. Sajeed-Ur-Rahman,Tuesday,03:30-05:30,Novus 304
CSE113,1,Mr. Tanvir Azhar,Wednesday,10:00-11:30,103
PHY101,1,Ms. Sharmin Akter,Wednesday,11:30-01:00,103
CSE103,0,Ms. Nahida Nigar,Wednesday,01:30-03:00,103
MATH101,0,Mr. Mashky Chowdhury Surja,Wednesday,03:00-04:30,103
EEE101,0,Mr. Mohammad Toufiq Ahmed,Wednesday,04:30-06:00,103
MATH205,2,Mr. Riad Hossain,Wednesday,8:30-10:00,107
CSE311,2,Ms. Saraf Anika,Wednesday,10:00-11:30,107
MATH209,2,Mr. Riad Hossain,Wednesday,01:30-03:00,107
EEE301,2,Mr. Md. Rakibul Islam,Wednesday,03:00-04:30,107
EEE301,2,Mr. Md. Rakibul Islam,Wednesday,04:30-06:00,107
EEE111,6,TBA,Wednesday,8:30-10:00,108
CSE211,6,Mr. Mohammad Akbar Bin Shah,Wednesday,10:00-11:30,108
CSE215,8,TBA,Wednesday,11:30-01:00,108
EEE301,1,Mr. Md. Rakibul Islam,Wednesday,01:30-03:00,108
MATH207,7,TBA,Wednesday,8:30-10:00,110
EEE111,7,TBA,Wednesday,10:00-11:30,110
CSE313,1,TBA,Wednesday,01:30-03:00,110
CSE301,5,Mr. Md. Jamil Uddin,Wednesday,03:00-04:30,110
CSE439,5,Mr. Golam Moktader Daiyan,Wednesday,04:30-06:00,110
CSE221,2,Mr. Md. Sabbir Al Ahsan,Wednesday,10:00-11:30,111
CSE215,2,Mr. Ahamed- Al- Arifin,Wednesday,11:30-01:00,111
PHY101,2,Ms. Sharmin Akter,Wednesday,01:30-03:00,111
CSE113,2,Mr. Tanvir Azhar,Wednesday,03:00-04:30,111
CSE113,2,Mr. Tanvir Azhar,Wednesday,04:30-06:00,111
CSE221,3,Mr. Md. Sabbir Al Ahsan,Wednesday,11:30-01:00,114
CSE315,3,Ms. Sayeda Suaiba Anwar,Wednesday,01:30-03:00,114
CSE313,3,TBA,Wednesday,03:00-04:30,114
CSE313,3,TBA,Wednesday,04:30-06:00,114
PHY101,4,TBA,Wednesday,8:30-10:00,311
MATH107,4,Mr. Md. Sajeed-Ur-Rahman,Wednesday,10:00-11:30,311
CSE435,1,Ms. Tanjum Motin Mitul,Wednesday,11:30-01:00,311
CSE463,1,Mr. Md. Sabbir Al Ahsan,Wednesday,01:30-03:00,311
MATH301,4,Mr. Udoy Das,Wednesday,03:00-04:30,311
CSE317,4,TBA,Wednesday,04:30-06:00,311
PHY101,3,Ms. Sharmin Akter,Wednesday,10:00-11:30,312
CSE113,3,Mr. Tanvir Azhar,Wednesday,11:30-01:00,312
EEE111,1,Ms. Tania Khadem,Wednesday,01:30-03:00,312
CSE223,3,Ms.Shahin Akter,Wednesday,03:00-04:30,312
MATH203,3,TBA,Wednesday,04:30-06:00,312
CSE211,3,Ms. Shadika Afroze Ome,Wednesday,10:00-11:30,N 201
EEE111,3,Ms. Tania Khadem,Wednesday,11:30-01:00,N 201
CHEM201,4,Ms. Tanjum Motin Mitul,Wednesday,03:00-04:30,N 201
CHEM201,4,Ms. Tanjum Motin Mitul,Wednesday,04:30-06:00,N 201
MATH207,5,TBA,Wednesday,8:30-10:00,N 202
CHEM201,5,Ms. Maliha Zahan Chowdhury,Wednesday,10:00-11:30,N 202
CSE211,1,Ms. Shadika Afroze Ome,Wednesday,11:30-01:00,N 202
CSE225,8,Mr. Mohammed Morshed Rana,Wednesday,01:30-03:00,N 202
CSE215,1,Mr. Ahamed- Al- Arifin,Wednesday,10:00-11:30,N 203
CSE221,1,Ms. Tahmina Akter Sumi,Wednesday,11:30-01:00,N 203
CSE215,7,TBA,Wednesday,01:30-03:00,N 203
CSE221,7,Ms. Tahmina Akter Sumi,Wednesday,03:00-04:30,N 203
CSE221,7,Ms. Tahmina Akter Sumi,Wednesday,04:30-06:00,N 203
CSE111,5,Mr. Joydwip Mohajon,Wednesday,10:00-11:30,N 204
MATH209,1,Mr. Riad Hossain,Wednesday,11:30-01:00,N 204
MATH207,0,Mr. Mashky Chowdhury Surja,Wednesday,01:30-03:00,N 204
ENG111,5,Ms. Parna Mutsuddy,Wednesday,03:00-04:30,N 204
MATH107,5,Mr. Mashky Chowdhury Surja,Wednesday,04:30-06:00,N 204
CSE325,4,Mr. Md. Jibon Mia,Wednesday,8:30-10:00,N 601
CSE325,5,Mr. Md. Jibon Mia,Wednesday,10:00-11:30,N 601
CSE223,5,Mr. Md. Siratul Mustakim Ifty,Wednesday,11:30-01:00,N 601
CSE225,3,Ms. Nishat Soultana Chy,Wednesday,01:30-03:00,N 601
CSE123,4,Mr. Joydwip Mohajon,Wednesday,03:00-04:30,N 601
CSE223,4,Mr. Md. Siratul Mustakim Ifty,Wednesday,10:00-11:30,N 602
ME101,0,TBA,Wednesday,11:30-01:00,N 602
EEE409,0,TBA,Wednesday,01:30-03:00,N 602
MATH203,1,TBA,Wednesday,10:00-11:30,N 603
CSE325,1,Ms. Sayeda Suaiba Anwar,Wednesday,11:30-01:00,N 603
CSE223,3,Mr. Kazi Muhammad Asif Ashrafi,Wednesday,01:30-03:00,N 603
CSE223,2,Ms.Shahin Akter,Wednesday,10:00-11:30,N 604
MATH203,2,TBA,Wednesday,11:30-01:00,N 604
CSE123,2,Ms. Maliha Zahan Chowdhury,Wednesday,01:30-03:00,N 604
CSE327,1,Ms. Maliha Zahan Chowdhury,Wednesday,03:00-04:30,N 604
CSE301,1,Mr. Md. Jamil Uddin,Wednesday,04:30-06:00,N 604
CSE436,1,Ms. Tanjum Motin Mitul,Wednesday,9:30-11:30,102
CSE312,3,Ms. Saraf Anika,Wednesday,11:30-01:30,102
CSE326,5,Mr. Md. Jibon Mia,Wednesday,01:30-03:30,102
CSE226,8,Mr. Mohammed Morshed Rana,Wednesday,03:30-05:30,102
CSE226,8,Mr. Mohammed Morshed Rana,Wednesday,03:30-05:30,102
CSE226,8,Mr. Mohammed Morshed Rana,Wednesday,03:30-05:30,102
EEE410,0,TBA,Wednesday,11:30-01:30,104
ME102,10,Mr. Udoy Das,Wednesday,01:30-03:30,104
ME102,10,Mr. Udoy Das,Wednesday,03:30-05:30,104
ME102,10,Mr. Udoy Das,Wednesday,03:30-05:30,104
ME102,10,Mr. Udoy Das,Wednesday,03:30-05:30,104
EEE112,4,TBA,Wednesday,11:30-01:30,105
EEE102,0,Mr. S.M. Baque Billah,Wednesday,01:30-03:30,105
CSE216,10,Mr. S.M. Baque Billah,Wednesday,03:30-05:30,105
CSE216,10,Mr. S.M. Baque Billah,Wednesday,03:30-05:30,105
CSE216,10,Mr. S.M. Baque Billah,Wednesday,03:30-05:30,105
EEE112,1,Ms. Tania Khadem,Wednesday,9:30-11:30,106
EEE112,9,Mr. Kazi Muhammad Asif Ashrafi,Wednesday,11:30-01:30,106
CSE224,6,Ms.Shahin Akter,Wednesday,01:30-03:30,106
CSE216,6,Mr. Md. Siratul Mustakim Ifty,Wednesday,03:30-05:30,106
CSE216,6,Mr. Md. Siratul Mustakim Ifty,Wednesday,03:30-05:30,106
CSE216,6,Mr. Md. Siratul Mustakim Ifty,Wednesday,03:30-05:30,106
ME102,4,Mr. Udoy Das,Wednesday,9:30-11:30,115
CSE222,4,Mr. Tahsin Mahmud,Wednesday,11:30-01:30,115
CSE212,3,Ms. Shadika Afroze Ome,Wednesday,01:30-03:30,115
CSE212,3,Ms. Shadika Afroze Ome,Wednesday,03:30-05:30,115
CSE212,3,Ms. Shadika Afroze Ome,Wednesday,03:30-05:30,115
CSE212,3,Ms. Shadika Afroze Ome,Wednesday,03:30-05:30,115
CSE112,5,Mr. Joydwip Mohajon,Wednesday,11:30-01:30,313
CSE226,6,Mr. Sourav Adhikary,Wednesday,01:30-03:30,313
CSE226,6,Mr. Sourav Adhikary,Wednesday,03:30-05:30,313
CSE226,6,Mr. Sourav Adhikary,Wednesday,03:30-05:30,313
CSE226,6,Mr. Sourav Adhikary,Wednesday,03:30-05:30,313
CSE222,5,Mr. Tahsin Mahmud,Wednesday,9:30-11:30,Novus 304
ME102,5,Mr. Md. Sajeed-Ur-Rahman,Wednesday,11:30-01:30,Novus 304
CSE222,1,Ms. Tahmina Akter Sumi,Wednesday,01:30-03:30,Novus 304
CSE226,3,Ms. Nishat Soultana Chy,Wednesday,03:30-05:30,Novus 304
CSE226,3,Ms. Nishat Soultana Chy,Wednesday,03:30-05:30,Novus 304
CSE226,3,Ms. Nishat Soultana Chy,Wednesday,03:30-05:30,Novus 304
CSE215,6,Mr. Sanath Kumar Das,Thursday,10:00-11:30,107
CSE221,6,Mr. Tahsin Mahmud,Thursday,11:30-01:00,107
EEE207,2,Mr. S.M. Baque Billah,Thursday,01:30-03:00,107
CSE211,5,Mr. Saklain Abdullah,Thursday,03:00-04:30,107
CSE317,4,TBA,Thursday,8:30-10:00,108
CSE223,5,Mr. Md. Siratul Mustakim Ifty,Thursday,11:30-01:00,108
CSE221,4,Mr. Tahsin Mahmud,Thursday,01:30-03:00,108
CSE113,1,Mr. Tanvir Azhar,Thursday,03:00-04:30,108
CSE411,1,Mr. Saklain Abdullah,Thursday,10:00-11:30,110
CSE113,3,Mr. Tanvir Azhar,Thursday,01:30-03:00,110
CSE113,2,Mr. Tanvir Azhar,Thursday,11:30-01:00,111
CSE223,4,Mr. Md. Siratul Mustakim Ifty,Thursday,01:30-03:00,111
CSE223,4,Mr. Md. Siratul Mustakim Ifty,Thursday,03:00-04:30,111
CSE223,4,Mr. Md. Siratul Mustakim Ifty,Thursday,04:30-06:00,111
CSE317,2,TBA,Thursday,10:00-11:30,114
CSE301,4,Mr. Md. Jamil Uddin,Thursday,01:30-03:00,114
CSE439,4,Mr. Golam Moktader Daiyan,Thursday,03:00-04:30,114
CSE439,4,Mr. Golam Moktader Daiyan,Thursday,04:30-06:00,114
CSE211,1,Ms. Shadika Afroze Ome,Thursday,11:30-01:00,311
CHEM201,1,TBA,Thursday,01:30-03:00,311
CHEM201,1,TBA,Thursday,03:00-04:30,311
CHEM201,1,TBA,Thursday,04:30-06:00,311
CSE225,5,Mr. Sourav Adhikary,Thursday,01:30-03:00,312
CSE215,5,Mr. Sanath Kumar Das,Thursday,03:00-04:30,312
CSE215,5,Mr. Sanath Kumar Das,Thursday,04:30-06:00,312
CSE451,5,Ms. Arshiana Shamir,Thursday,10:00-11:30,N 201
CSE301,5,Mr. Md. Jamil Uddin,Thursday,11:30-01:00,N 201
CSE301,5,Mr. Md. Jamil Uddin,Thursday,01:30-03:00,N 201
CSE301,5,Mr. Md. Jamil Uddin,Thursday,03:00-04:30,N 201
CSE301,5,Mr. Md. Jamil Uddin,Thursday,04:30-06:00,N 201
MATH207,6,TBA,Thursday,8:30-10:00,N 202
CHEM201,6,TBA,Thursday,10:00-11:30,N 202
CSE463,2,Ms. Arshiana Shamir,Thursday,11:30-01:00,N 202
CSE439,1,Ms. Arifa Sultana Zarna,Thursday,01:30-03:00,N 202
CHEM201,7,TBA,Thursday,8:30-10:00,N 203
MATH207,7,TBA,Thursday,10:00-11:30,N 203
CSE411,2,Mr. Saklain Abdullah,Thursday,11:30-01:00,N 203
CSE463,3,Ms. Arshiana Shamir,Thursday,03:00-04:30,N 203
MATH203,4,TBA,Thursday,11:30-01:00,N 204
MATH207,12,TBA,Thursday,04:30-06:00,N 204
CSE225,4,Mr. Sourav Adhikary,Thursday,11:30-01:00,N 601
MATH205,1,Mr. Riad Hossain,Thursday,01:30-03:00,N 601
MATH207,11,TBA,Thursday,03:00-04:30,N 601
MATH205,3,Mr. Riad Hossain,Thursday,10:00-11:30,N 602
CSE311,3,Ms. Saraf Anika,Thursday,11:30-01:00,N 602
MATH203,5,TBA,Thursday,01:30-03:00,N 602
MATH203,5,TBA,Thursday,03:00-04:30,N 602
MATH203,5,TBA,Thursday,04:30-06:00,N 602
CSE317,1,TBA,Thursday,11:30-01:00,N 603
CSE311,2,Ms. Saraf Anika,Thursday,10:00-11:30,N 604
MATH205,2,Mr. Riad Hossain,Thursday,11:30-01:00,N 604
MATH207,2,TBA,Thursday,01:30-03:00,N 604
CSE211,2,Ms. Shadika Afroze Ome,Thursday,03:00-04:30,N 604
CSE211,2,Ms. Shadika Afroze Ome,Thursday,04:30-06:00,N 604
CSE222,2,Mr. Md. Sabbir Al Ahsan,Thursday,9:30-11:30,102
CSE222,3,Mr. Md. Sabbir Al Ahsan,Thursday,11:30-01:30,102
CSE226,9,Ms. Nishat Soultana Chy,Thursday,01:30-03:30,102
ME102,9,TBA,Thursday,03:30-05:30,102
ME102,9,TBA,Thursday,03:30-05:30,102
ME102,9,TBA,Thursday,03:30-05:30,102
EEE300,0,Mr. S.M. Baque Billah,Thursday,11:30-01:30,104
EEE300,0,Mr. S.M. Baque Billah,Thursday,01:30-03:30,104
EEE300,0,Mr. S.M. Baque Billah,Thursday,03:30-05:30,104
EEE300,0,Mr. S.M. Baque Billah,Thursday,03:30-05:30,104
EEE300,0,Mr. S.M. Baque Billah,Thursday,03:30-05:30,104
CSE216,3,Mr. Ahamed- Al- Arifin,Thursday,9:30-11:30,105
CSE216,5,TBA,Thursday,11:30-01:30,105
EEE302,1,Mr. Md. Rakibul Islam,Thursday,01:30-03:30,105
EEE302,2,Mr. Md. Rakibul Islam,Thursday,03:30-05:30,105
EEE302,2,Mr. Md. Rakibul Islam,Thursday,03:30-05:30,105
EEE302,2,Mr. Md. Rakibul Islam,Thursday,03:30-05:30,105
CSE224,7,Mr. Md. Siratul Mustakim Ifty,Thursday,9:30-11:30,106
CSE224,3,Mr. Kazi Muhammad Asif Ashrafi,Thursday,11:30-01:30,106
CSE224,1,Mr. Kazi Muhammad Asif Ashrafi,Thursday,01:30-03:30,106
CSE224,6,Mr. Kazi Muhammad Asif Ashrafi,Thursday,03:30-05:30,106
CSE224,6,Mr. Kazi Muhammad Asif Ashrafi,Thursday,03:30-05:30,106
CSE224,6,Mr. Kazi Muhammad Asif Ashrafi,Thursday,03:30-05:30,106
PHY102,5,TBA,Thursday,11:30-01:30,109
PHY102,7,Ms. Sharmin Akter,Thursday,01:30-03:30,109
PHY102,7,Ms. Sharmin Akter,Thursday,03:30-05:30,109
PHY102,7,Ms. Sharmin Akter,Thursday,03:30-05:30,109
PHY102,7,Ms. Sharmin Akter,Thursday,03:30-05:30,109
CSE124,3,Mr. Joydwip Mohajon,Thursday,9:30-11:30,115
CSE114,7,Ms. Nahida Nigar,Thursday,11:30-01:30,115
CSE124,6,Mr. Joydwip Mohajon,Thursday,01:30-03:30,115
EEE406,0,TBA,Thursday,03:30-05:30,115
EEE406,0,TBA,Thursday,03:30-05:30,115
EEE406,0,TBA,Thursday,03:30-05:30,115
CSE212,1,Ms. Shadika Afroze Ome,Thursday,9:30-11:30,313
CSE320,4,Ms. Arifa Sultana Zarna,Thursday,11:30-01:30,313
EEE310,0,Mr. Sanath Kumar Das,Thursday,01:30-03:30,313
CSE226,4,Mr. Sourav Adhikary,Thursday,03:30-05:30,313
CSE226,4,Mr. Sourav Adhikary,Thursday,03:30-05:30,313
CSE226,4,Mr. Sourav Adhikary,Thursday,03:30-05:30,313
CSE114,5,Ms. Nahida Nigar,Thursday,9:30-11:30,Novus 304
ME102,2,TBA,Thursday,11:30-01:30,Novus 304
ME102,1,TBA,Thursday,01:30-03:30,Novus 304
CSE226,1,Ms. Nishat Soultana Chy,Thursday,03:30-05:30,Novus 304
CSE226,1,Ms. Nishat Soultana Chy,Thursday,03:30-05:30,Novus 304
CSE226,1,Ms. Nishat Soultana Chy,Thursday,03:30-05:30,Novus 304
